scenario,poller_interval_ms,scheduler_interval_ms,total_active_sessions,requested_affected_session_count,iteration,trigger_event_id,session_sequence,session_id,reevaluation_duration_ms,pip_fetch_ms,pdp_evaluate_ms,revoke_update_ms,post_processing_ms,revoke_publish_ms,final_status
scalability,1000,500,500,10,1,91,1,1391,6.025,3.749,0.288,0.458,6.652,0.065,REVOKED
scalability,1000,500,500,10,1,91,2,1392,5.358,3.516,0.073,0.383,5.278,0.026,REVOKED
scalability,1000,500,500,10,1,91,3,1393,4.85,3.245,0.074,0.315,4.591,0.017,REVOKED
scalability,1000,500,500,10,1,91,4,1394,4.122,2.77,0.086,0.272,4.311,0.014,REVOKED
scalability,1000,500,500,10,1,91,5,1395,4.054,2.745,0.045,0.247,3.973,0.008,REVOKED
scalability,1000,500,500,10,1,91,6,1396,3.453,2.366,0.032,0.23,3.802,0.014,REVOKED
scalability,1000,500,500,10,1,91,7,1397,3.914,2.565,0.091,0.232,3.811,0.007,REVOKED
scalability,1000,500,500,10,1,91,8,1398,3.59,2.444,0.037,0.217,3.662,0.006,REVOKED
scalability,1000,500,500,10,1,91,9,1399,3.459,2.378,0.034,0.215,3.544,0.014,REVOKED
scalability,1000,500,500,10,1,91,10,1400,3.062,2.121,0.045,0.186,2.928,0.009,REVOKED
scalability,1000,500,500,10,2,92,1,1401,6.636,4.3,0.246,0.442,7.291,0.048,REVOKED
scalability,1000,500,500,10,2,92,2,1402,5.205,3.412,0.086,0.318,4.841,0.015,REVOKED
scalability,1000,500,500,10,2,92,3,1403,4.06,2.767,0.05,0.265,4.275,0.015,REVOKED
scalability,1000,500,500,10,2,92,4,1404,4.304,2.93,0.071,0.281,4.407,0.014,REVOKED
scalability,1000,500,500,10,2,92,5,1405,4.086,2.776,0.052,0.273,4.117,0.01,REVOKED
scalability,1000,500,500,10,2,92,6,1406,3.577,2.458,0.038,0.231,3.789,0.008,REVOKED
scalability,1000,500,500,10,2,92,7,1407,3.495,2.405,0.03,0.222,4.102,0.01,REVOKED
scalability,1000,500,500,10,2,92,8,1408,3.535,2.44,0.039,0.233,3.713,0.008,REVOKED
scalability,1000,500,500,10,2,92,9,1409,3.615,2.471,0.035,0.233,3.678,0.007,REVOKED
scalability,1000,500,500,10,2,92,10,1410,3.43,2.332,0.028,0.236,3.541,0.006,REVOKED
scalability,1000,500,500,10,3,93,1,1411,6.326,3.979,0.294,0.447,6.816,0.052,REVOKED
scalability,1000,500,500,10,3,93,2,1412,6.244,4.126,0.133,0.403,6.038,0.026,REVOKED
scalability,1000,500,500,10,3,93,3,1413,5.371,3.626,0.106,0.342,5.142,0.02,REVOKED
scalability,1000,500,500,10,3,93,4,1414,4.587,3.115,0.058,0.271,4.3,0.013,REVOKED
scalability,1000,500,500,10,3,93,5,1415,3.805,2.53,0.045,0.241,3.9,0.007,REVOKED
scalability,1000,500,500,10,3,93,6,1416,3.796,2.624,0.045,0.26,3.783,0.008,REVOKED
scalability,1000,500,500,10,3,93,7,1417,3.555,2.433,0.033,0.225,4.303,0.014,REVOKED
scalability,1000,500,500,10,3,93,8,1418,3.746,2.478,0.038,0.23,3.734,0.008,REVOKED
scalability,1000,500,500,10,3,93,9,1419,3.441,2.389,0.032,0.224,3.606,0.008,REVOKED
scalability,1000,500,500,10,3,93,10,1420,3.301,2.19,0.08,0.205,3.335,0.014,REVOKED
scalability,1000,500,500,10,4,94,1,1421,6.334,4.15,0.295,0.488,7.026,0.062,REVOKED
scalability,1000,500,500,10,4,94,2,1422,5.503,3.599,0.138,0.364,6.013,0.019,REVOKED
scalability,1000,500,500,10,4,94,3,1423,5.197,3.57,0.103,0.327,5.118,0.02,REVOKED
scalability,1000,500,500,10,4,94,4,1424,4.648,3.121,0.072,0.285,4.366,0.015,REVOKED
scalability,1000,500,500,10,4,94,5,1425,4.085,2.784,0.053,0.243,3.904,0.008,REVOKED
scalability,1000,500,500,10,4,94,6,1426,3.565,2.445,0.029,0.234,3.697,0.014,REVOKED
scalability,1000,500,500,10,4,94,7,1427,4.069,2.751,0.039,0.232,3.823,0.007,REVOKED
scalability,1000,500,500,10,4,94,8,1428,3.546,2.404,0.036,0.233,3.709,0.007,REVOKED
scalability,1000,500,500,10,4,94,9,1429,3.456,2.386,0.028,0.219,3.668,0.005,REVOKED
scalability,1000,500,500,10,4,94,10,1430,3.47,2.321,0.082,0.233,3.448,0.015,REVOKED
scalability,1000,500,500,10,5,95,1,1431,7.255,4.142,0.281,0.477,6.247,0.048,REVOKED
scalability,1000,500,500,10,5,95,2,1432,6.429,4.448,0.138,0.446,6.23,0.02,REVOKED
scalability,1000,500,500,10,5,95,3,1433,5.119,3.515,0.091,0.361,4.499,0.013,REVOKED
scalability,1000,500,500,10,5,95,4,1434,4.146,2.82,0.052,0.28,4.038,0.009,REVOKED
scalability,1000,500,500,10,5,95,5,1435,3.675,2.501,0.041,0.247,3.872,0.009,REVOKED
scalability,1000,500,500,10,5,95,6,1436,3.604,2.453,0.05,0.23,3.985,0.008,REVOKED
scalability,1000,500,500,10,5,95,7,1437,3.505,2.417,0.038,0.229,3.715,0.009,REVOKED
scalability,1000,500,500,10,5,95,8,1438,3.519,2.415,0.039,0.232,3.806,0.009,REVOKED
scalability,1000,500,500,10,5,95,9,1439,3.527,2.414,0.042,0.222,3.628,0.007,REVOKED
scalability,1000,500,500,10,5,95,10,1440,3.445,2.366,0.037,0.222,3.551,0.008,REVOKED
scalability,1000,500,500,10,6,96,1,1441,6.765,4.083,0.295,0.437,7.841,0.06,REVOKED
scalability,1000,500,500,10,6,96,2,1442,5.804,3.789,0.118,0.352,5.378,0.024,REVOKED
scalability,1000,500,500,10,6,96,3,1443,4.043,2.746,0.058,0.257,4.01,0.017,REVOKED
scalability,1000,500,500,10,6,96,4,1444,4.283,2.818,0.075,0.327,4.429,0.013,REVOKED
scalability,1000,500,500,10,6,96,5,1445,4.106,2.795,0.05,0.25,3.911,0.008,REVOKED
scalability,1000,500,500,10,6,96,6,1446,3.638,2.493,0.031,0.282,4.474,0.017,REVOKED
scalability,1000,500,500,10,6,96,7,1447,3.879,2.552,0.065,0.243,3.787,0.013,REVOKED
scalability,1000,500,500,10,6,96,8,1448,3.684,2.466,0.084,0.247,3.75,0.017,REVOKED
scalability,1000,500,500,10,6,96,9,1449,3.264,2.115,0.073,0.207,3.342,0.015,REVOKED
scalability,1000,500,500,10,6,96,10,1450,2.76,1.86,0.051,0.188,3.03,0.011,REVOKED
scalability,1000,500,500,10,7,97,1,1451,6.956,3.96,0.284,0.479,6.349,0.051,REVOKED
scalability,1000,500,500,10,7,97,2,1452,5.896,3.837,0.157,0.384,5.899,0.031,REVOKED
scalability,1000,500,500,10,7,97,3,1453,4.421,2.974,0.075,0.282,3.885,0.016,REVOKED
scalability,1000,500,500,10,7,97,4,1454,3.212,2.151,0.042,0.228,3.585,0.012,REVOKED
scalability,1000,500,500,10,7,97,5,1455,3.237,2.172,0.041,0.239,3.474,0.008,REVOKED
scalability,1000,500,500,10,7,97,6,1456,3.193,2.176,0.032,0.238,3.273,0.006,REVOKED
scalability,1000,500,500,10,7,97,7,1457,3.34,2.286,0.077,0.235,3.042,0.015,REVOKED
scalability,1000,500,500,10,7,97,8,1458,2.699,1.826,0.036,0.182,2.893,0.01,REVOKED
scalability,1000,500,500,10,7,97,9,1459,2.619,1.786,0.027,0.189,2.963,0.01,REVOKED
scalability,1000,500,500,10,7,97,10,1460,2.66,1.833,0.022,0.184,2.912,0.007,REVOKED
scalability,1000,500,500,10,8,98,1,1461,8.109,4.282,0.218,0.553,6.449,0.058,REVOKED
scalability,1000,500,500,10,8,98,2,1462,4.765,3.169,0.104,0.301,4.648,0.022,REVOKED
scalability,1000,500,500,10,8,98,3,1463,3.716,2.41,0.045,0.243,4.057,0.015,REVOKED
scalability,1000,500,500,10,8,98,4,1464,3.801,2.583,0.051,0.268,3.859,0.011,REVOKED
scalability,1000,500,500,10,8,98,5,1465,3.365,2.277,0.047,0.224,3.673,0.009,REVOKED
scalability,1000,500,500,10,8,98,6,1466,3.354,2.246,0.027,0.216,4.047,0.016,REVOKED
scalability,1000,500,500,10,8,98,7,1467,3.521,2.381,0.13,0.235,3.536,0.012,REVOKED
scalability,1000,500,500,10,8,98,8,1468,3.346,2.273,0.036,0.231,3.572,0.008,REVOKED
scalability,1000,500,500,10,8,98,9,1469,3.376,2.248,0.036,0.222,3.48,0.006,REVOKED
scalability,1000,500,500,10,8,98,10,1470,3.324,2.293,0.072,0.223,3.354,0.016,REVOKED
scalability,1000,500,500,10,9,99,1,1471,7.333,3.747,0.28,0.488,6.506,0.044,REVOKED
scalability,1000,500,500,10,9,99,2,1472,4.301,2.686,0.243,0.304,4.051,0.024,REVOKED
scalability,1000,500,500,10,9,99,3,1473,3.576,2.422,0.08,0.242,3.757,0.013,REVOKED
scalability,1000,500,500,10,9,99,4,1474,3.081,2.109,0.045,0.215,3.539,0.009,REVOKED
scalability,1000,500,500,10,9,99,5,1475,3.347,2.223,0.034,0.241,4.111,0.008,REVOKED
scalability,1000,500,500,10,9,99,6,1476,3.154,2.159,0.03,0.224,3.493,0.006,REVOKED
scalability,1000,500,500,10,9,99,7,1477,3.27,2.281,0.03,0.236,3.413,0.008,REVOKED
scalability,1000,500,500,10,9,99,8,1478,3.209,2.166,0.027,0.186,3.476,0.006,REVOKED
scalability,1000,500,500,10,9,99,9,1479,3.123,2.139,0.027,0.245,3.896,0.015,REVOKED
scalability,1000,500,500,10,9,99,10,1480,3.51,2.429,0.054,0.241,3.666,0.01,REVOKED
scalability,1000,500,500,10,10,100,1,1481,5.701,3.572,0.277,0.454,5.843,0.043,REVOKED
scalability,1000,500,500,10,10,100,2,1482,4.276,2.736,0.087,0.258,3.985,0.018,REVOKED
scalability,1000,500,500,10,10,100,3,1483,3.549,2.416,0.07,0.24,3.982,0.024,REVOKED
scalability,1000,500,500,10,10,100,4,1484,4.05,2.68,0.105,0.277,4.054,0.013,REVOKED
scalability,1000,500,500,10,10,100,5,1485,3.549,2.405,0.057,0.242,4.114,0.01,REVOKED
scalability,1000,500,500,10,10,100,6,1486,3.673,2.487,0.046,0.281,3.792,0.008,REVOKED
scalability,1000,500,500,10,10,100,7,1487,3.627,2.454,0.034,0.281,3.885,0.008,REVOKED
scalability,1000,500,500,10,10,100,8,1488,3.4,2.369,0.032,0.194,3.189,0.006,REVOKED
scalability,1000,500,500,10,10,100,9,1489,2.902,2.004,0.027,0.202,3.193,0.006,REVOKED
scalability,1000,500,500,10,10,100,10,1490,2.963,2.01,0.028,0.21,2.918,0.007,REVOKED
scalability,1000,500,500,10,11,101,1,1491,6.392,3.687,0.286,0.488,6.05,0.051,REVOKED
scalability,1000,500,500,10,11,101,2,1492,5.009,3.143,0.079,0.322,4.087,0.026,REVOKED
scalability,1000,500,500,10,11,101,3,1493,3.897,2.457,0.092,0.24,3.639,0.01,REVOKED
scalability,1000,500,500,10,11,101,4,1494,3.395,2.263,0.037,0.26,3.981,0.007,REVOKED
scalability,1000,500,500,10,11,101,5,1495,3.704,2.544,0.029,0.242,4.121,0.011,REVOKED
scalability,1000,500,500,10,11,101,6,1496,3.771,2.566,0.044,0.27,4.13,0.009,REVOKED
scalability,1000,500,500,10,11,101,7,1497,3.741,2.538,0.038,0.264,4.077,0.01,REVOKED
scalability,1000,500,500,10,11,101,8,1498,3.902,2.561,0.057,0.262,4.064,0.008,REVOKED
scalability,1000,500,500,10,11,101,9,1499,3.82,2.645,0.046,0.254,3.968,0.009,REVOKED
scalability,1000,500,500,10,11,101,10,1500,3.699,2.508,0.042,0.227,3.915,0.009,REVOKED
scalability,1000,500,500,10,12,102,1,1501,7.24,4.14,0.258,0.446,5.923,0.058,REVOKED
scalability,1000,500,500,10,12,102,2,1502,5.416,3.489,0.145,0.283,5.264,0.03,REVOKED
scalability,1000,500,500,10,12,102,3,1503,5.033,3.343,0.093,0.236,4.814,0.009,REVOKED
scalability,1000,500,500,10,12,102,4,1504,4.724,3.221,0.072,0.256,4.553,0.008,REVOKED
scalability,1000,500,500,10,12,102,5,1505,3.926,2.671,0.036,0.244,3.974,0.008,REVOKED
scalability,1000,500,500,10,12,102,6,1506,3.742,2.546,0.036,0.247,4.039,0.009,REVOKED
scalability,1000,500,500,10,12,102,7,1507,3.697,2.489,0.044,0.232,3.908,0.008,REVOKED
scalability,1000,500,500,10,12,102,8,1508,3.613,2.463,0.037,0.261,3.801,0.007,REVOKED
scalability,1000,500,500,10,12,102,9,1509,3.496,2.414,0.028,0.228,3.798,0.007,REVOKED
scalability,1000,500,500,10,12,102,10,1510,3.61,2.47,0.042,0.239,3.754,0.008,REVOKED
scalability,1000,500,500,10,13,103,1,1511,6.056,3.991,0.128,0.318,4.958,0.035,REVOKED
scalability,1000,500,500,10,13,103,2,1512,3.829,2.391,0.085,0.244,3.924,0.017,REVOKED
scalability,1000,500,500,10,13,103,3,1513,3.693,2.492,0.049,0.247,3.97,0.012,REVOKED
scalability,1000,500,500,10,13,103,4,1514,3.673,2.503,0.062,0.216,3.824,0.01,REVOKED
scalability,1000,500,500,10,13,103,5,1515,3.695,2.501,0.048,0.25,3.939,0.01,REVOKED
scalability,1000,500,500,10,13,103,6,1516,3.667,2.503,0.059,0.223,3.853,0.006,REVOKED
scalability,1000,500,500,10,13,103,7,1517,3.696,2.551,0.036,0.249,3.83,0.007,REVOKED
scalability,1000,500,500,10,13,103,8,1518,3.553,2.458,0.026,0.224,3.65,0.006,REVOKED
scalability,1000,500,500,10,13,103,9,1519,3.546,2.417,0.03,0.224,3.755,0.008,REVOKED
scalability,1000,500,500,10,13,103,10,1520,3.484,2.384,0.037,0.232,3.821,0.007,REVOKED
scalability,1000,500,500,10,14,104,1,1521,5.406,3.636,0.119,0.362,4.991,0.035,REVOKED
scalability,1000,500,500,10,14,104,2,1522,4.299,3.087,0.045,0.331,5.235,0.017,REVOKED
scalability,1000,500,500,10,14,104,3,1523,4.154,2.908,0.032,0.259,3.885,0.01,REVOKED
scalability,1000,500,500,10,14,104,4,1524,3.642,2.508,0.027,0.235,3.713,0.007,REVOKED
scalability,1000,500,500,10,14,104,5,1525,3.46,2.37,0.035,0.232,3.7,0.007,REVOKED
scalability,1000,500,500,10,14,104,6,1526,3.418,2.317,0.036,0.24,3.619,0.007,REVOKED
scalability,1000,500,500,10,14,104,7,1527,3.402,2.32,0.03,0.24,3.652,0.007,REVOKED
scalability,1000,500,500,10,14,104,8,1528,3.461,2.357,0.034,0.222,3.649,0.007,REVOKED
scalability,1000,500,500,10,14,104,9,1529,3.457,2.349,0.03,0.22,3.592,0.006,REVOKED
scalability,1000,500,500,10,14,104,10,1530,3.457,2.403,0.034,0.218,3.613,0.007,REVOKED
scalability,1000,500,500,10,15,105,1,1531,5.009,3.156,0.254,0.419,6.001,0.055,REVOKED
scalability,1000,500,500,10,15,105,2,1532,5.781,4.137,0.134,0.388,5.302,0.024,REVOKED
scalability,1000,500,500,10,15,105,3,1533,4.17,2.797,0.052,0.268,4.197,0.014,REVOKED
scalability,1000,500,500,10,15,105,4,1534,3.569,2.413,0.058,0.245,3.801,0.014,REVOKED
scalability,1000,500,500,10,15,105,5,1535,3.653,2.476,0.075,0.255,4.075,0.023,REVOKED
scalability,1000,500,500,10,15,105,6,1536,3.735,2.554,0.048,0.252,4.015,0.009,REVOKED
scalability,1000,500,500,10,15,105,7,1537,3.684,2.506,0.04,0.247,3.965,0.007,REVOKED
scalability,1000,500,500,10,15,105,8,1538,3.684,2.507,0.039,0.241,3.994,0.008,REVOKED
scalability,1000,500,500,10,15,105,9,1539,3.488,2.391,0.028,0.234,3.733,0.007,REVOKED
scalability,1000,500,500,10,15,105,10,1540,3.508,2.398,0.027,0.222,3.699,0.007,REVOKED
scalability,1000,500,500,10,16,106,1,1541,7.205,4.248,0.243,0.498,6.397,0.053,REVOKED
scalability,1000,500,500,10,16,106,2,1542,6.777,4.549,0.156,0.469,6.266,0.03,REVOKED
scalability,1000,500,500,10,16,106,3,1543,5.157,3.485,0.104,0.338,5.238,0.017,REVOKED
scalability,1000,500,500,10,16,106,4,1544,4.782,3.214,0.084,0.328,4.494,0.007,REVOKED
scalability,1000,500,500,10,16,106,5,1545,4.564,3.224,0.08,0.243,4.21,0.01,REVOKED
scalability,1000,500,500,10,16,106,6,1546,3.667,2.5,0.039,0.244,3.924,0.007,REVOKED
scalability,1000,500,500,10,16,106,7,1547,3.505,2.388,0.032,0.23,3.768,0.011,REVOKED
scalability,1000,500,500,10,16,106,8,1548,3.663,2.476,0.043,0.235,3.756,0.009,REVOKED
scalability,1000,500,500,10,16,106,9,1549,3.539,2.412,0.044,0.226,3.646,0.007,REVOKED
scalability,1000,500,500,10,16,106,10,1550,3.315,2.259,0.026,0.214,3.568,0.017,REVOKED
scalability,1000,500,500,10,17,107,1,1551,5.855,3.595,0.271,0.515,6.867,0.068,REVOKED
scalability,1000,500,500,10,17,107,2,1552,5.195,3.558,0.078,0.311,4.453,0.025,REVOKED
scalability,1000,500,500,10,17,107,3,1553,52.188,50.711,0.085,0.276,4.822,0.016,REVOKED
scalability,1000,500,500,10,17,107,4,1554,6.797,4.181,0.099,0.449,5.555,0.014,REVOKED
scalability,1000,500,500,10,17,107,5,1555,3.828,2.58,0.042,0.244,3.983,0.008,REVOKED
scalability,1000,500,500,10,17,107,6,1556,3.448,2.372,0.025,0.214,3.544,0.006,REVOKED
scalability,1000,500,500,10,17,107,7,1557,3.453,2.374,0.021,0.224,3.439,0.005,REVOKED
scalability,1000,500,500,10,17,107,8,1558,3.451,2.4,0.021,0.221,3.564,0.007,REVOKED
scalability,1000,500,500,10,17,107,9,1559,3.345,2.27,0.034,0.22,3.56,0.005,REVOKED
scalability,1000,500,500,10,17,107,10,1560,3.313,2.279,0.02,0.224,3.589,0.005,REVOKED
scalability,1000,500,500,10,18,108,1,1561,7.573,4.388,0.294,0.535,6.56,0.067,REVOKED
scalability,1000,500,500,10,18,108,2,1562,6.392,4.192,0.132,0.399,5.7,0.03,REVOKED
scalability,1000,500,500,10,18,108,3,1563,5.168,3.503,0.082,0.323,5.132,0.018,REVOKED
scalability,1000,500,500,10,18,108,4,1564,4.912,3.319,0.073,0.318,5.062,0.02,REVOKED
scalability,1000,500,500,10,18,108,5,1565,4.095,2.78,0.051,0.296,3.933,0.01,REVOKED
scalability,1000,500,500,10,18,108,6,1566,3.626,2.479,0.032,0.217,3.806,0.014,REVOKED
scalability,1000,500,500,10,18,108,7,1567,3.949,2.677,0.034,0.234,3.823,0.006,REVOKED
scalability,1000,500,500,10,18,108,8,1568,3.439,2.356,0.029,0.224,3.659,0.006,REVOKED
scalability,1000,500,500,10,18,108,9,1569,3.43,2.313,0.081,0.224,3.321,0.015,REVOKED
scalability,1000,500,500,10,18,108,10,1570,3.067,2.032,0.045,0.214,3.226,0.01,REVOKED
scalability,1000,500,500,10,19,109,1,1571,6.203,3.82,0.27,0.505,6.235,0.054,REVOKED
scalability,1000,500,500,10,19,109,2,1572,5.658,3.692,0.146,0.387,5.84,0.021,REVOKED
scalability,1000,500,500,10,19,109,3,1573,5.022,3.45,0.06,0.275,3.817,0.01,REVOKED
scalability,1000,500,500,10,19,109,4,1574,3.34,2.284,0.038,0.238,3.906,0.01,REVOKED
scalability,1000,500,500,10,19,109,5,1575,3.591,2.446,0.034,0.222,3.826,0.009,REVOKED
scalability,1000,500,500,10,19,109,6,1576,3.554,2.416,0.047,0.246,3.709,0.009,REVOKED
scalability,1000,500,500,10,19,109,7,1577,3.417,2.317,0.034,0.223,3.555,0.005,REVOKED
scalability,1000,500,500,10,19,109,8,1578,3.337,2.289,0.026,0.223,3.586,0.012,REVOKED
scalability,1000,500,500,10,19,109,9,1579,3.097,2.104,0.055,0.202,3.271,0.009,REVOKED
scalability,1000,500,500,10,19,109,10,1580,2.949,2.015,0.03,0.2,3.194,0.008,REVOKED
scalability,1000,500,500,10,20,110,1,1581,7.166,4.199,0.27,0.474,6.19,0.046,REVOKED
scalability,1000,500,500,10,20,110,2,1582,6.337,4.173,0.138,0.405,5.912,0.028,REVOKED
scalability,1000,500,500,10,20,110,3,1583,5.186,3.47,0.096,0.322,5.088,0.019,REVOKED
scalability,1000,500,500,10,20,110,4,1584,4.865,3.343,0.068,0.275,4.415,0.012,REVOKED
scalability,1000,500,500,10,20,110,5,1585,4.018,2.735,0.054,0.285,4.075,0.008,REVOKED
scalability,1000,500,500,10,20,110,6,1586,3.636,2.499,0.038,0.236,3.84,0.007,REVOKED
scalability,1000,500,500,10,20,110,7,1587,3.671,2.444,0.04,0.242,3.912,0.009,REVOKED
scalability,1000,500,500,10,20,110,8,1588,3.573,2.44,0.035,0.254,4.107,0.016,REVOKED
scalability,1000,500,500,10,20,110,9,1589,3.643,2.47,0.058,0.226,3.79,0.008,REVOKED
scalability,1000,500,500,10,20,110,10,1590,3.466,2.394,0.038,0.256,4.357,0.008,REVOKED
scalability,1000,500,500,10,21,111,1,1591,7.188,4.281,0.275,0.535,6.961,0.066,REVOKED
scalability,1000,500,500,10,21,111,2,1592,6.337,4.175,0.139,0.4,6.022,0.03,REVOKED
scalability,1000,500,500,10,21,111,3,1593,5.111,3.466,0.086,0.314,4.44,0.015,REVOKED
scalability,1000,500,500,10,21,111,4,1594,4.137,2.811,0.053,0.298,4.405,0.012,REVOKED
scalability,1000,500,500,10,21,111,5,1595,3.961,2.684,0.047,0.245,3.827,0.008,REVOKED
scalability,1000,500,500,10,21,111,6,1596,3.455,2.382,0.028,0.225,3.643,0.007,REVOKED
scalability,1000,500,500,10,21,111,7,1597,3.41,2.332,0.031,0.224,3.812,0.007,REVOKED
scalability,1000,500,500,10,21,111,8,1598,3.557,2.402,0.037,0.232,3.726,0.008,REVOKED
scalability,1000,500,500,10,21,111,9,1599,3.518,2.401,0.035,0.218,3.768,0.006,REVOKED
scalability,1000,500,500,10,21,111,10,1600,3.433,2.338,0.074,0.248,3.368,0.014,REVOKED
scalability,1000,500,500,10,22,112,1,1601,4.665,3.096,0.083,0.357,4.713,0.02,REVOKED
scalability,1000,500,500,10,22,112,2,1602,4.132,2.778,0.035,0.265,4.13,0.009,REVOKED
scalability,1000,500,500,10,22,112,3,1603,3.815,2.632,0.028,0.274,4.027,0.006,REVOKED
scalability,1000,500,500,10,22,112,4,1604,3.801,2.588,0.023,0.25,4.06,0.008,REVOKED
scalability,1000,500,500,10,22,112,5,1605,3.648,2.474,0.021,0.246,3.881,0.007,REVOKED
scalability,1000,500,500,10,22,112,6,1606,3.572,2.456,0.027,0.276,3.761,0.006,REVOKED
scalability,1000,500,500,10,22,112,7,1607,3.436,2.355,0.022,0.245,3.573,0.007,REVOKED
scalability,1000,500,500,10,22,112,8,1608,3.024,2.091,0.023,0.202,3.198,0.006,REVOKED
scalability,1000,500,500,10,22,112,9,1609,3.01,2.093,0.021,0.206,3.262,0.006,REVOKED
scalability,1000,500,500,10,22,112,10,1610,2.989,2.056,0.029,0.207,3.239,0.006,REVOKED
scalability,1000,500,500,10,23,113,1,1611,7.124,4.118,0.292,0.474,6.452,0.046,REVOKED
scalability,1000,500,500,10,23,113,2,1612,6.125,3.986,0.129,0.278,6.143,0.015,REVOKED
scalability,1000,500,500,10,23,113,3,1613,5.133,3.494,0.089,0.343,5.021,0.012,REVOKED
scalability,1000,500,500,10,23,113,4,1614,4.187,2.865,0.066,0.276,4.331,0.016,REVOKED
scalability,1000,500,500,10,23,113,5,1615,3.617,2.403,0.028,0.234,3.943,0.008,REVOKED
scalability,1000,500,500,10,23,113,6,1616,3.633,2.498,0.039,0.25,3.754,0.008,REVOKED
scalability,1000,500,500,10,23,113,7,1617,3.45,2.343,0.032,0.218,4.069,0.008,REVOKED
scalability,1000,500,500,10,23,113,8,1618,3.551,2.408,0.037,0.423,4.659,0.015,REVOKED
scalability,1000,500,500,10,23,113,9,1619,3.439,2.304,0.05,0.245,3.638,0.008,REVOKED
scalability,1000,500,500,10,23,113,10,1620,3.332,2.303,0.028,0.217,3.537,0.007,REVOKED
scalability,1000,500,500,10,24,114,1,1621,6.581,4.228,0.241,0.494,7.505,0.055,REVOKED
scalability,1000,500,500,10,24,114,2,1622,6.516,4.241,0.246,0.405,6.278,0.059,REVOKED
scalability,1000,500,500,10,24,114,3,1623,5.236,3.526,0.133,0.355,5.33,0.03,REVOKED
scalability,1000,500,500,10,24,114,4,1624,4.541,2.958,0.103,0.301,4.617,0.029,REVOKED
scalability,1000,500,500,10,24,114,5,1625,4.177,2.816,0.1,0.257,3.985,0.021,REVOKED
scalability,1000,500,500,10,24,114,6,1626,3.721,2.535,0.066,0.244,3.82,0.015,REVOKED
scalability,1000,500,500,10,24,114,7,1627,3.501,2.329,0.068,0.226,3.471,0.013,REVOKED
scalability,1000,500,500,10,24,114,8,1628,3.326,2.266,0.059,0.237,3.858,0.011,REVOKED
scalability,1000,500,500,10,24,114,9,1629,3.591,2.471,0.037,0.231,3.9,0.008,REVOKED
scalability,1000,500,500,10,24,114,10,1630,3.471,2.362,0.036,0.239,3.881,0.016,REVOKED
scalability,1000,500,500,10,25,115,1,1631,7.224,4.16,0.352,0.616,7.145,0.065,REVOKED
scalability,1000,500,500,10,25,115,2,1632,5.563,3.685,0.12,0.36,5.391,0.027,REVOKED
scalability,1000,500,500,10,25,115,3,1633,4.66,3.184,0.057,0.268,3.684,0.011,REVOKED
scalability,1000,500,500,10,25,115,4,1634,3.69,2.507,0.048,0.246,3.935,0.01,REVOKED
scalability,1000,500,500,10,25,115,5,1635,3.655,2.508,0.034,0.228,3.777,0.008,REVOKED
scalability,1000,500,500,10,25,115,6,1636,3.529,2.425,0.031,0.221,3.848,0.025,REVOKED
scalability,1000,500,500,10,25,115,7,1637,3.517,2.362,0.028,0.23,3.487,0.006,REVOKED
scalability,1000,500,500,10,25,115,8,1638,3.462,2.401,0.034,0.25,4.017,0.015,REVOKED
scalability,1000,500,500,10,25,115,9,1639,12.764,11.277,0.104,0.292,3.899,0.021,REVOKED
scalability,1000,500,500,10,25,115,10,1640,3.39,2.301,0.04,0.236,3.687,0.01,REVOKED
scalability,1000,500,500,10,26,116,1,1641,7.218,4.231,0.274,0.48,6.404,0.064,REVOKED
scalability,1000,500,500,10,26,116,2,1642,6.182,4.076,0.115,0.387,5.889,0.027,REVOKED
scalability,1000,500,500,10,26,116,3,1643,5.067,3.478,0.12,0.334,4.804,0.019,REVOKED
scalability,1000,500,500,10,26,116,4,1644,4.241,2.858,0.06,0.272,4.544,0.016,REVOKED
scalability,1000,500,500,10,26,116,5,1645,5.429,4.059,0.095,0.29,3.94,0.012,REVOKED
scalability,1000,500,500,10,26,116,6,1646,3.516,2.4,0.039,0.231,3.648,0.008,REVOKED
scalability,1000,500,500,10,26,116,7,1647,3.269,2.248,0.028,0.232,3.675,0.008,REVOKED
scalability,1000,500,500,10,26,116,8,1648,3.354,2.267,0.034,0.22,3.589,0.006,REVOKED
scalability,1000,500,500,10,26,116,9,1649,3.3,2.237,0.029,0.212,3.437,0.006,REVOKED
scalability,1000,500,500,10,26,116,10,1650,3.333,2.27,0.067,0.235,3.326,0.021,REVOKED
scalability,1000,500,500,10,27,117,1,1651,7.215,4.177,0.28,0.507,6.438,0.05,REVOKED
scalability,1000,500,500,10,27,117,2,1652,6.697,4.228,0.112,0.404,5.369,0.024,REVOKED
scalability,1000,500,500,10,27,117,3,1653,4.961,3.322,0.105,0.457,4.895,0.031,REVOKED
scalability,1000,500,500,10,27,117,4,1654,4.013,2.735,0.042,0.281,4.288,0.015,REVOKED
scalability,1000,500,500,10,27,117,5,1655,3.717,2.531,0.03,0.24,3.769,0.008,REVOKED
scalability,1000,500,500,10,27,117,6,1656,3.823,2.624,0.028,0.241,4.083,0.008,REVOKED
scalability,1000,500,500,10,27,117,7,1657,3.594,2.396,0.03,0.239,3.992,0.006,REVOKED
scalability,1000,500,500,10,27,117,8,1658,3.866,2.671,0.024,0.221,3.907,0.005,REVOKED
scalability,1000,500,500,10,27,117,9,1659,3.538,2.488,0.021,0.24,3.616,0.006,REVOKED
scalability,1000,500,500,10,27,117,10,1660,3.451,2.376,0.021,0.241,3.64,0.007,REVOKED
scalability,1000,500,500,10,28,118,1,1661,6.758,4.383,0.265,0.513,6.252,0.045,REVOKED
scalability,1000,500,500,10,28,118,2,1662,6.559,4.386,0.146,0.401,5.989,0.025,REVOKED
scalability,1000,500,500,10,28,118,3,1663,5.2,3.529,0.086,0.327,5.065,0.018,REVOKED
scalability,1000,500,500,10,28,118,4,1664,4.675,3.203,0.055,0.267,4.465,0.013,REVOKED
scalability,1000,500,500,10,28,118,5,1665,3.853,2.555,0.041,0.243,3.993,0.009,REVOKED
scalability,1000,500,500,10,28,118,6,1666,3.556,2.41,0.036,0.215,4.204,0.015,REVOKED
scalability,1000,500,500,10,28,118,7,1667,4.249,2.973,0.078,0.225,3.676,0.008,REVOKED
scalability,1000,500,500,10,28,118,8,1668,3.901,2.711,0.053,0.235,3.861,0.014,REVOKED
scalability,1000,500,500,10,28,118,9,1669,3.441,2.359,0.033,0.224,3.608,0.007,REVOKED
scalability,1000,500,500,10,28,118,10,1670,3.477,2.367,0.073,0.234,3.225,0.013,REVOKED
scalability,1000,500,500,10,29,119,1,1671,7.284,4.332,0.29,0.479,6.509,0.07,REVOKED
scalability,1000,500,500,10,29,119,2,1672,6.492,4.317,0.122,0.421,6.001,0.026,REVOKED
scalability,1000,500,500,10,29,119,3,1673,5.162,3.502,0.085,0.326,5.06,0.019,REVOKED
scalability,1000,500,500,10,29,119,4,1674,4.521,3.218,0.068,0.307,4.962,0.016,REVOKED
scalability,1000,500,500,10,29,119,5,1675,4.242,2.827,0.089,0.268,4.192,0.011,REVOKED
scalability,1000,500,500,10,29,119,6,1676,3.625,2.467,0.041,0.248,3.876,0.008,REVOKED
scalability,1000,500,500,10,29,119,7,1677,3.523,2.409,0.033,0.224,3.78,0.007,REVOKED
scalability,1000,500,500,10,29,119,8,1678,3.517,2.417,0.033,0.229,3.743,0.007,REVOKED
scalability,1000,500,500,10,29,119,9,1679,3.517,2.395,0.028,0.215,3.705,0.006,REVOKED
scalability,1000,500,500,10,29,119,10,1680,3.371,2.322,0.026,0.214,3.6,0.008,REVOKED
scalability,1000,500,500,10,30,120,1,1681,6.593,4.191,0.271,0.466,6.528,0.04,REVOKED
scalability,1000,500,500,10,30,120,2,1682,5.172,3.409,0.086,0.331,4.706,0.02,REVOKED
scalability,1000,500,500,10,30,120,3,1683,4.113,2.785,0.073,0.264,4.067,0.017,REVOKED
scalability,1000,500,500,10,30,120,4,1684,3.606,2.475,0.033,0.243,3.947,0.008,REVOKED
scalability,1000,500,500,10,30,120,5,1685,3.64,2.475,0.042,0.244,3.909,0.009,REVOKED
scalability,1000,500,500,10,30,120,6,1686,3.633,2.477,0.032,0.232,3.798,0.007,REVOKED
scalability,1000,500,500,10,30,120,7,1687,3.385,2.295,0.027,0.218,3.713,0.016,REVOKED
scalability,1000,500,500,10,30,120,8,1688,3.198,2.155,0.083,0.194,3.403,0.01,REVOKED
scalability,1000,500,500,10,30,120,9,1689,2.998,2.035,0.029,0.197,3.209,0.007,REVOKED
scalability,1000,500,500,10,30,120,10,1690,3.032,2.079,0.031,0.2,3.257,0.008,REVOKED
scalability,1000,500,500,10,31,121,1,1691,7.335,4.257,0.279,0.465,6.128,0.051,REVOKED
scalability,1000,500,500,10,31,121,2,1692,6.315,4.209,0.129,0.407,6.063,0.025,REVOKED
scalability,1000,500,500,10,31,121,3,1693,5.214,3.498,0.09,0.347,4.909,0.019,REVOKED
scalability,1000,500,500,10,31,121,4,1694,4.559,3.087,0.055,0.281,4.148,0.008,REVOKED
scalability,1000,500,500,10,31,121,5,1695,3.553,2.436,0.033,0.218,3.753,0.008,REVOKED
scalability,1000,500,500,10,31,121,6,1696,3.495,2.372,0.027,0.217,3.911,0.008,REVOKED
scalability,1000,500,500,10,31,121,7,1697,3.483,2.389,0.032,0.219,3.639,0.007,REVOKED
scalability,1000,500,500,10,31,121,8,1698,3.417,2.312,0.031,0.238,3.315,0.013,REVOKED
scalability,1000,500,500,10,31,121,9,1699,3.04,2.081,0.044,0.194,3.244,0.009,REVOKED
scalability,1000,500,500,10,31,121,10,1700,2.92,2.003,0.032,0.203,3.165,0.008,REVOKED
scalability,1000,500,500,10,32,122,1,1701,7.348,4.173,0.296,0.525,7.246,0.065,REVOKED
scalability,1000,500,500,10,32,122,2,1702,6.345,4.205,0.139,0.385,5.762,0.027,REVOKED
scalability,1000,500,500,10,32,122,3,1703,4.842,3.168,0.087,0.328,5.052,0.012,REVOKED
scalability,1000,500,500,10,32,122,4,1704,3.749,2.525,0.049,0.254,3.889,0.01,REVOKED
scalability,1000,500,500,10,32,122,5,1705,3.693,2.52,0.037,0.224,3.807,0.007,REVOKED
scalability,1000,500,500,10,32,122,6,1706,3.506,2.39,0.031,0.257,3.656,0.014,REVOKED
scalability,1000,500,500,10,32,122,7,1707,3.569,2.338,0.066,0.236,3.667,0.008,REVOKED
scalability,1000,500,500,10,32,122,8,1708,3.609,2.449,0.042,0.273,3.828,0.009,REVOKED
scalability,1000,500,500,10,32,122,9,1709,3.46,2.353,0.029,0.239,3.66,0.008,REVOKED
scalability,1000,500,500,10,32,122,10,1710,3.438,2.33,0.037,0.233,3.64,0.007,REVOKED
scalability,1000,500,500,10,33,123,1,1711,6.734,4.246,0.293,0.533,5.498,0.043,REVOKED
scalability,1000,500,500,10,33,123,2,1712,6.951,5.062,0.139,0.491,6.299,0.034,REVOKED
scalability,1000,500,500,10,33,123,3,1713,5.23,3.53,0.095,0.348,4.851,0.011,REVOKED
scalability,1000,500,500,10,33,123,4,1714,4.36,3.141,0.073,0.319,4.492,0.011,REVOKED
scalability,1000,500,500,10,33,123,5,1715,3.751,2.534,0.036,0.252,4.058,0.012,REVOKED
scalability,1000,500,500,10,33,123,6,1716,3.657,2.49,0.04,0.242,3.823,0.007,REVOKED
scalability,1000,500,500,10,33,123,7,1717,3.472,2.369,0.032,0.219,3.554,0.006,REVOKED
scalability,1000,500,500,10,33,123,8,1718,3.401,2.324,0.029,0.222,3.685,0.008,REVOKED
scalability,1000,500,500,10,33,123,9,1719,3.563,2.408,0.048,0.232,3.795,0.008,REVOKED
scalability,1000,500,500,10,33,123,10,1720,3.523,2.393,0.035,0.226,3.587,0.006,REVOKED
scalability,1000,500,500,10,34,124,1,1721,6.332,3.88,0.254,0.404,6.961,0.051,REVOKED
scalability,1000,500,500,10,34,124,2,1722,5.526,3.573,0.108,0.326,4.734,0.023,REVOKED
scalability,1000,500,500,10,34,124,3,1723,4.158,2.799,0.067,0.257,4.178,0.015,REVOKED
scalability,1000,500,500,10,34,124,4,1724,3.685,2.495,0.038,0.232,3.635,0.009,REVOKED
scalability,1000,500,500,10,34,124,5,1725,3.673,2.528,0.039,0.246,3.824,0.008,REVOKED
scalability,1000,500,500,10,34,124,6,1726,3.647,2.477,0.038,0.243,3.898,0.008,REVOKED
scalability,1000,500,500,10,34,124,7,1727,3.641,2.468,0.04,0.234,3.846,0.008,REVOKED
scalability,1000,500,500,10,34,124,8,1728,3.635,2.487,0.033,0.224,3.696,0.006,REVOKED
scalability,1000,500,500,10,34,124,9,1729,3.455,2.364,0.027,0.245,3.8,0.025,REVOKED
scalability,1000,500,500,10,34,124,10,1730,3.522,2.427,0.039,0.224,3.651,0.007,REVOKED
scalability,1000,500,500,10,35,125,1,1731,5.322,3.462,0.116,0.308,5.56,0.031,REVOKED
scalability,1000,500,500,10,35,125,2,1732,4.18,3.021,0.049,0.265,3.906,0.015,REVOKED
scalability,1000,500,500,10,35,125,3,1733,4.197,2.892,0.06,0.274,3.928,0.011,REVOKED
scalability,1000,500,500,10,35,125,4,1734,3.549,2.427,0.032,0.213,3.749,0.009,REVOKED
scalability,1000,500,500,10,35,125,5,1735,3.407,2.317,0.033,0.219,3.572,0.006,REVOKED
scalability,1000,500,500,10,35,125,6,1736,3.506,2.409,0.035,0.224,3.621,0.008,REVOKED
scalability,1000,500,500,10,35,125,7,1737,3.36,2.281,0.044,0.237,3.712,0.009,REVOKED
scalability,1000,500,500,10,35,125,8,1738,3.375,2.315,0.029,0.22,3.676,0.008,REVOKED
scalability,1000,500,500,10,35,125,9,1739,3.341,2.298,0.038,0.213,3.586,0.007,REVOKED
scalability,1000,500,500,10,35,125,10,1740,3.354,2.282,0.031,0.247,3.479,0.006,REVOKED
scalability,1000,500,500,10,36,126,1,1741,4.834,3.115,0.084,0.342,4.435,0.015,REVOKED
scalability,1000,500,500,10,36,126,2,1742,3.386,2.359,0.043,0.249,3.793,0.011,REVOKED
scalability,1000,500,500,10,36,126,3,1743,3.326,2.213,0.038,0.235,3.592,0.009,REVOKED
scalability,1000,500,500,10,36,126,4,1744,3.273,2.18,0.031,0.204,3.47,0.007,REVOKED
scalability,1000,500,500,10,36,126,5,1745,3.299,2.296,0.024,0.211,3.603,0.008,REVOKED
scalability,1000,500,500,10,36,126,6,1746,3.225,2.171,0.025,0.223,3.257,0.008,REVOKED
scalability,1000,500,500,10,36,126,7,1747,3.109,2.121,0.027,0.225,3.325,0.007,REVOKED
scalability,1000,500,500,10,36,126,8,1748,3.018,2.037,0.024,0.227,3.317,0.006,REVOKED
scalability,1000,500,500,10,36,126,9,1749,2.625,1.768,0.025,0.218,2.781,0.005,REVOKED
scalability,1000,500,500,10,36,126,10,1750,2.687,1.876,0.025,0.175,3.005,0.007,REVOKED
scalability,1000,500,500,10,37,127,1,1751,4.654,2.839,0.11,0.373,4.722,0.03,REVOKED
scalability,1000,500,500,10,37,127,2,1752,4.177,2.643,0.106,0.238,3.439,0.013,REVOKED
scalability,1000,500,500,10,37,127,3,1753,3.142,2.033,0.043,0.205,3.086,0.009,REVOKED
scalability,1000,500,500,10,37,127,4,1754,2.81,1.89,0.042,0.211,3.446,0.007,REVOKED
scalability,1000,500,500,10,37,127,5,1755,3.026,2.045,0.032,0.213,3.498,0.014,REVOKED
scalability,1000,500,500,10,37,127,6,1756,3.218,2.176,0.054,0.225,3.286,0.01,REVOKED
scalability,1000,500,500,10,37,127,7,1757,3.061,2.078,0.04,0.208,3.331,0.008,REVOKED
scalability,1000,500,500,10,37,127,8,1758,2.938,1.998,0.036,0.195,3.344,0.007,REVOKED
scalability,1000,500,500,10,37,127,9,1759,3.014,2.078,0.029,0.193,3.281,0.007,REVOKED
scalability,1000,500,500,10,37,127,10,1760,3.033,2.045,0.027,0.178,2.921,0.006,REVOKED
scalability,1000,500,500,10,38,128,1,1761,5.12,3.274,0.11,0.44,4.848,0.021,REVOKED
scalability,1000,500,500,10,38,128,2,1762,4.683,3.158,0.112,0.242,4.691,0.022,REVOKED
scalability,1000,500,500,10,38,128,3,1763,4.207,2.826,0.066,0.247,3.873,0.009,REVOKED
scalability,1000,500,500,10,38,128,4,1764,3.249,2.198,0.039,0.223,3.609,0.009,REVOKED
scalability,1000,500,500,10,38,128,5,1765,3.388,2.313,0.052,0.224,3.434,0.01,REVOKED
scalability,1000,500,500,10,38,128,6,1766,3.097,2.114,0.034,0.193,3.222,0.007,REVOKED
scalability,1000,500,500,10,38,128,7,1767,3.301,2.267,0.066,0.216,3.544,0.013,REVOKED
scalability,1000,500,500,10,38,128,8,1768,3.087,2.088,0.032,0.208,3.324,0.01,REVOKED
scalability,1000,500,500,10,38,128,9,1769,3.066,2.061,0.035,0.274,3.15,0.008,REVOKED
scalability,1000,500,500,10,38,128,10,1770,2.727,1.85,0.027,0.25,2.871,0.007,REVOKED
scalability,1000,500,500,10,39,129,1,1771,5.048,3.403,0.11,0.403,4.64,0.021,REVOKED
scalability,1000,500,500,10,39,129,2,1772,3.539,2.402,0.098,0.229,3.767,0.017,REVOKED
scalability,1000,500,500,10,39,129,3,1773,3.701,2.506,0.046,0.233,3.754,0.011,REVOKED
scalability,1000,500,500,10,39,129,4,1774,3.282,2.215,0.038,0.247,3.614,0.009,REVOKED
scalability,1000,500,500,10,39,129,5,1775,3.19,2.219,0.037,0.215,3.531,0.007,REVOKED
scalability,1000,500,500,10,39,129,6,1776,3.087,2.11,0.032,0.214,3.278,0.007,REVOKED
scalability,1000,500,500,10,39,129,7,1777,2.96,2.001,0.025,0.214,3.287,0.007,REVOKED
scalability,1000,500,500,10,39,129,8,1778,3.019,2.025,0.031,0.222,3.165,0.006,REVOKED
scalability,1000,500,500,10,39,129,9,1779,2.682,1.81,0.029,0.182,2.968,0.006,REVOKED
scalability,1000,500,500,10,39,129,10,1780,2.593,1.782,0.026,0.177,2.855,0.008,REVOKED
scalability,1000,500,500,10,40,130,1,1781,5.174,3.469,0.11,0.388,5.082,0.018,REVOKED
scalability,1000,500,500,10,40,130,2,1782,4.811,3.443,0.105,0.244,3.979,0.022,REVOKED
scalability,1000,500,500,10,40,130,3,1783,4.315,2.781,0.078,0.31,4.476,0.018,REVOKED
scalability,1000,500,500,10,40,130,4,1784,4.226,2.99,0.03,0.283,4.03,0.016,REVOKED
scalability,1000,500,500,10,40,130,5,1785,4.271,2.87,0.034,0.24,4.096,0.008,REVOKED
scalability,1000,500,500,10,40,130,6,1786,3.485,2.366,0.032,0.233,3.796,0.008,REVOKED
scalability,1000,500,500,10,40,130,7,1787,3.64,2.495,0.036,0.23,3.798,0.006,REVOKED
scalability,1000,500,500,10,40,130,8,1788,4.009,2.758,0.038,0.222,3.675,0.006,REVOKED
scalability,1000,500,500,10,40,130,9,1789,3.495,2.431,0.034,0.224,3.602,0.006,REVOKED
scalability,1000,500,500,10,40,130,10,1790,3.404,2.364,0.025,0.221,3.585,0.008,REVOKED
scalability,1000,500,500,10,41,131,1,1791,7.177,4.207,0.283,0.495,6.52,0.059,REVOKED
scalability,1000,500,500,10,41,131,2,1792,6.653,4.431,0.142,0.426,6.354,0.029,REVOKED
scalability,1000,500,500,10,41,131,3,1793,5.171,3.484,0.081,0.325,4.952,0.024,REVOKED
scalability,1000,500,500,10,41,131,4,1794,4.412,2.996,0.041,0.222,3.702,0.009,REVOKED
scalability,1000,500,500,10,41,131,5,1795,3.772,2.585,0.039,0.242,3.894,0.008,REVOKED
scalability,1000,500,500,10,41,131,6,1796,3.597,2.448,0.035,0.247,3.78,0.012,REVOKED
scalability,1000,500,500,10,41,131,7,1797,3.741,2.534,0.057,0.238,3.902,0.007,REVOKED
scalability,1000,500,500,10,41,131,8,1798,3.485,2.394,0.028,0.218,3.749,0.01,REVOKED
scalability,1000,500,500,10,41,131,9,1799,3.57,2.44,0.045,0.235,3.676,0.007,REVOKED
scalability,1000,500,500,10,41,131,10,1800,3.389,2.286,0.037,0.238,3.519,0.017,REVOKED
scalability,1000,500,500,10,42,132,1,1801,6.514,4.145,0.295,0.517,6.707,0.068,REVOKED
scalability,1000,500,500,10,42,132,2,1802,6.399,4.209,0.129,0.383,5.978,0.029,REVOKED
scalability,1000,500,500,10,42,132,3,1803,4.675,3.252,0.085,0.337,5.405,0.021,REVOKED
scalability,1000,500,500,10,42,132,4,1804,4.887,3.321,0.081,0.326,4.992,0.016,REVOKED
scalability,1000,500,500,10,42,132,5,1805,4.609,3.101,0.1,0.272,4.332,0.013,REVOKED
scalability,1000,500,500,10,42,132,6,1806,3.771,2.505,0.038,0.244,3.771,0.006,REVOKED
scalability,1000,500,500,10,42,132,7,1807,3.528,2.408,0.034,0.232,3.734,0.006,REVOKED
scalability,1000,500,500,10,42,132,8,1808,3.517,2.424,0.033,0.219,3.722,0.008,REVOKED
scalability,1000,500,500,10,42,132,9,1809,4.047,2.874,0.075,0.249,3.704,0.009,REVOKED
scalability,1000,500,500,10,42,132,10,1810,3.467,2.355,0.035,0.223,3.586,0.007,REVOKED
scalability,1000,500,500,10,43,133,1,1811,6.24,3.63,0.075,0.389,5.41,0.017,REVOKED
scalability,1000,500,500,10,43,133,2,1812,4.632,3.165,0.067,0.321,4.221,0.012,REVOKED
scalability,1000,500,500,10,43,133,3,1813,3.851,2.626,0.037,0.27,3.968,0.007,REVOKED
scalability,1000,500,500,10,43,133,4,1814,3.673,2.543,0.028,0.241,3.9,0.007,REVOKED
scalability,1000,500,500,10,43,133,5,1815,3.474,2.34,0.024,0.257,3.536,0.006,REVOKED
scalability,1000,500,500,10,43,133,6,1816,3.367,2.288,0.02,0.228,3.488,0.005,REVOKED
scalability,1000,500,500,10,43,133,7,1817,3.368,2.288,0.019,0.218,3.349,0.005,REVOKED
scalability,1000,500,500,10,43,133,8,1818,2.998,2.043,0.028,0.202,3.264,0.008,REVOKED
scalability,1000,500,500,10,43,133,9,1819,2.957,2.036,0.025,0.213,3.178,0.005,REVOKED
scalability,1000,500,500,10,43,133,10,1820,2.919,2.014,0.022,0.184,3.081,0.007,REVOKED
scalability,1000,500,500,10,44,134,1,1821,6.551,4.161,0.299,0.501,6.211,0.066,REVOKED
scalability,1000,500,500,10,44,134,2,1822,6.332,4.176,0.154,0.412,5.89,0.029,REVOKED
scalability,1000,500,500,10,44,134,3,1823,4.913,3.297,0.089,0.305,4.41,0.015,REVOKED
scalability,1000,500,500,10,44,134,4,1824,3.826,2.548,0.042,0.296,4.07,0.009,REVOKED
scalability,1000,500,500,10,44,134,5,1825,3.589,2.432,0.034,0.232,3.767,0.008,REVOKED
scalability,1000,500,500,10,44,134,6,1826,3.552,2.421,0.032,0.226,3.759,0.007,REVOKED
scalability,1000,500,500,10,44,134,7,1827,3.756,2.627,0.045,0.215,3.783,0.009,REVOKED
scalability,1000,500,500,10,44,134,8,1828,3.463,2.376,0.036,0.22,3.623,0.007,REVOKED
scalability,1000,500,500,10,44,134,9,1829,3.383,2.321,0.028,0.214,3.44,0.016,REVOKED
scalability,1000,500,500,10,44,134,10,1830,2.981,2.018,0.044,0.199,3.163,0.007,REVOKED
scalability,1000,500,500,10,45,135,1,1831,5.732,3.48,0.285,0.417,8.152,0.065,REVOKED
scalability,1000,500,500,10,45,135,2,1832,5.786,3.88,0.113,0.317,4.941,0.024,REVOKED
scalability,1000,500,500,10,45,135,3,1833,4.841,2.888,0.058,0.24,3.974,0.01,REVOKED
scalability,1000,500,500,10,45,135,4,1834,3.76,2.577,0.038,0.248,3.785,0.008,REVOKED
scalability,1000,500,500,10,45,135,5,1835,3.526,2.407,0.032,0.225,3.69,0.007,REVOKED
scalability,1000,500,500,10,45,135,6,1836,3.465,2.368,0.037,0.217,3.627,0.007,REVOKED
scalability,1000,500,500,10,45,135,7,1837,3.855,2.487,0.039,0.226,3.757,0.005,REVOKED
scalability,1000,500,500,10,45,135,8,1838,3.554,2.375,0.04,0.235,3.727,0.008,REVOKED
scalability,1000,500,500,10,45,135,9,1839,3.719,2.521,0.081,0.301,3.321,0.015,REVOKED
scalability,1000,500,500,10,45,135,10,1840,3.026,2.065,0.028,0.217,3.201,0.007,REVOKED
scalability,1000,500,500,10,46,136,1,1841,7.22,4.101,0.279,0.429,6.723,0.066,REVOKED
scalability,1000,500,500,10,46,136,2,1842,6.099,3.944,0.138,0.376,5.063,0.024,REVOKED
scalability,1000,500,500,10,46,136,3,1843,3.946,2.62,0.082,0.28,4.238,0.023,REVOKED
scalability,1000,500,500,10,46,136,4,1844,3.974,2.623,0.065,0.252,4.031,0.015,REVOKED
scalability,1000,500,500,10,46,136,5,1845,3.633,2.477,0.036,0.246,3.872,0.01,REVOKED
scalability,1000,500,500,10,46,136,6,1846,3.601,2.465,0.044,0.253,3.814,0.009,REVOKED
scalability,1000,500,500,10,46,136,7,1847,3.631,2.458,0.038,0.239,3.718,0.008,REVOKED
scalability,1000,500,500,10,46,136,8,1848,3.562,2.443,0.031,0.254,3.641,0.007,REVOKED
scalability,1000,500,500,10,46,136,9,1849,3.409,2.332,0.023,0.248,3.732,0.006,REVOKED
scalability,1000,500,500,10,46,136,10,1850,3.409,2.363,0.024,0.213,3.198,0.006,REVOKED
scalability,1000,500,500,10,47,137,1,1851,5.886,3.744,0.216,0.668,7.594,0.063,REVOKED
scalability,1000,500,500,10,47,137,2,1852,6.164,4.0,0.152,0.4,5.638,0.021,REVOKED
scalability,1000,500,500,10,47,137,3,1853,5.105,3.515,0.111,0.326,5.214,0.023,REVOKED
scalability,1000,500,500,10,47,137,4,1854,4.674,3.204,0.06,0.273,4.361,0.012,REVOKED
scalability,1000,500,500,10,47,137,5,1855,4.184,2.842,0.074,0.287,4.345,0.014,REVOKED
scalability,1000,500,500,10,47,137,6,1856,4.348,3.016,0.082,0.282,3.997,0.014,REVOKED
scalability,1000,500,500,10,47,137,7,1857,3.481,2.385,0.038,0.226,3.657,0.015,REVOKED
scalability,1000,500,500,10,47,137,8,1858,3.734,2.506,0.037,0.229,3.766,0.008,REVOKED
scalability,1000,500,500,10,47,137,9,1859,3.497,2.391,0.033,0.224,3.609,0.006,REVOKED
scalability,1000,500,500,10,47,137,10,1860,3.446,2.326,0.082,0.231,3.31,0.015,REVOKED
scalability,1000,500,500,10,48,138,1,1861,7.365,4.274,0.282,0.471,7.347,0.047,REVOKED
scalability,1000,500,500,10,48,138,2,1862,5.626,3.643,0.192,0.383,5.605,0.021,REVOKED
scalability,1000,500,500,10,48,138,3,1863,4.424,2.952,0.113,0.248,3.987,0.025,REVOKED
scalability,1000,500,500,10,48,138,4,1864,3.827,2.689,0.038,0.25,4.068,0.013,REVOKED
scalability,1000,500,500,10,48,138,5,1865,3.834,2.623,0.039,0.244,4.185,0.009,REVOKED
scalability,1000,500,500,10,48,138,6,1866,3.671,2.463,0.025,0.256,3.886,0.006,REVOKED
scalability,1000,500,500,10,48,138,7,1867,3.491,2.38,0.022,0.24,3.733,0.006,REVOKED
scalability,1000,500,500,10,48,138,8,1868,3.358,2.301,0.035,0.22,3.268,0.006,REVOKED
scalability,1000,500,500,10,48,138,9,1869,3.022,2.076,0.03,0.209,3.208,0.007,REVOKED
scalability,1000,500,500,10,48,138,10,1870,2.953,2.034,0.022,0.211,3.225,0.007,REVOKED
scalability,1000,500,500,10,49,139,1,1871,7.505,4.284,0.271,0.495,6.023,0.036,REVOKED
scalability,1000,500,500,10,49,139,2,1872,6.437,4.263,0.131,0.425,6.084,0.023,REVOKED
scalability,1000,500,500,10,49,139,3,1873,5.107,3.463,0.079,0.32,4.948,0.013,REVOKED
scalability,1000,500,500,10,49,139,4,1874,3.999,2.705,0.057,0.273,4.34,0.012,REVOKED
scalability,1000,500,500,10,49,139,5,1875,3.68,2.457,0.036,0.281,3.895,0.009,REVOKED
scalability,1000,500,500,10,49,139,6,1876,3.596,2.48,0.034,0.228,3.777,0.011,REVOKED
scalability,1000,500,500,10,49,139,7,1877,3.493,2.374,0.048,0.238,3.737,0.008,REVOKED
scalability,1000,500,500,10,49,139,8,1878,3.504,2.381,0.039,0.231,3.56,0.006,REVOKED
scalability,1000,500,500,10,49,139,9,1879,3.268,2.194,0.07,0.214,3.557,0.012,REVOKED
scalability,1000,500,500,10,49,139,10,1880,3.323,2.276,0.06,0.21,3.504,0.01,REVOKED
scalability,1000,500,500,10,50,140,1,1881,7.471,4.33,0.26,0.492,5.61,0.044,REVOKED
scalability,1000,500,500,10,50,140,2,1882,6.754,4.387,0.132,0.403,5.906,0.03,REVOKED
scalability,1000,500,500,10,50,140,3,1883,4.722,3.122,0.08,0.295,4.483,0.016,REVOKED
scalability,1000,500,500,10,50,140,4,1884,4.169,2.815,0.049,0.286,4.267,0.008,REVOKED
scalability,1000,500,500,10,50,140,5,1885,3.631,2.473,0.034,0.227,3.808,0.007,REVOKED
scalability,1000,500,500,10,50,140,6,1886,3.586,2.466,0.032,0.227,3.821,0.01,REVOKED
scalability,1000,500,500,10,50,140,7,1887,3.61,2.476,0.039,0.236,3.837,0.009,REVOKED
scalability,1000,500,500,10,50,140,8,1888,3.54,2.388,0.04,0.227,3.636,0.007,REVOKED
scalability,1000,500,500,10,50,140,9,1889,3.485,2.393,0.033,0.225,3.594,0.015,REVOKED
scalability,1000,500,500,10,50,140,10,1890,3.191,2.154,0.073,0.211,3.326,0.01,REVOKED
